source,source_encoded
Motley Fool,9
Financial Times,6
Benzinga,0
Zacks Commentary,11
CNBC,2
Decrypt.co,4
GlobeNewswire,7
South China Morning Post,10
MarketWatch,8
Cointelegraph,3
Business Insider,1
Economic Times,5
